"name","definition","section","subsection","level","image_path"
"Средняя скорость","Величина $\vec{\langle v \rangle}$, равная отношению перемещения материальной точки $\vec{\Delta r}$ к промежутку времени $\Delta t$, за который перемещение было совершено.","Механика","Кинематика","school:9",""
"Скорость","Величина $\vec{v}, равная пределу средней скорости $\vec{\langle v \rangle}$ при стремлении промежутка времени $\Delta t$ к нулю.","Механика","Кинематика","school:10",""
"Третий закон Ньютона","Силы, с которыми тела действуют друг на друга, равны по модулю и противоположны по направлению.","Механика","Динамика","school:9",""
"Закон сохранения энергии","Энергия не создаётся и не уничтожается, а только превращается из одной формы в другую.","Механика","Работа и энергия","school:8",""
"Правило буравчика","Если направление поступательного движения буравчика совпадает с направлением тока, то направление вращения ручки буравчика показывает направление магнитных линий.","Электричество и магнетизм","Магнетизм","school:10",""
"Механика","Наука о механическом движении и взаимодействии тел.","Механика","Кинематика","school:10",""
"Механическое движение","Простейшая форма движения в природе, состоящая в изменении взаимного расположения тел или их частей в пространстве с течением времени.","Механика","Кинематика","school:10",""
"Физическое тело","Макроскопическая система, состоящая из большого числа молекул так, что размеры этих систем во много раз больше межмолекулярных расстояний.","Механика","Кинематика","school:10",""
"Классичекая ньютоновская механика","Механика, в которой рассматривают движения тел, происходящих со скоростями, много меньших скорости света в вакууме.","Механика","Кинематика","school:10",""
"Релятивистская механика","Механика, в которой рассматриваются движения тел, скорости которых соизмеримы со скоростью света.","Механика","Кинематика","school:10",""
"Материальная точка","Тело, размеры которого несущественны в рассматриваемой задаче.","Механика","Кинематика","school:9",""
"Абсолютно твёрдое тело","Тело, расстояние между любыми двумя точками которого постоянно.","Механика","Кинематика","school:10",""
"Абсолютно упругое тело","Тело, деформации которого пропорциональны вызывающим их силам и полностью исчезают после прекращения действия сил.","Механика","Кинематика","school:10",""
"Абсолютно неупругое тело","Тело, которое полностью сохраняет деформированное состояние после прекращения действия сил.","Механика","Кинематика","school:10",""
"Кинематика","Раздел механики, в котором приводится математическое описание механического движения безотносительно к тем причинам, которые вызывают механическое движение.","Механика","Кинематика","school:10",""
"Динамика","Раздел механики, в котором рассматривается влияние взаимодействия между телами на их механическое движение.","Механика","Динамика","school:10",""
"Система отсчёта","Система, снабжённая часами, и жёстко связанная с абсолютно твёрдым телом, по отношению к которому определяют положения рассматриваемых тел в разные моменты времени.","Механика","Кинематика","school:10",""
"Лабораторная (земная, геоцентрическая) система отсчёта","Система отсчёта, связанная с Землёй.","Механика","Кинематика","school:10",""
"Солнечная (гелиоцентрическая) система отсчёта","Система отсчёта, связанная с Солнцем.","Механика","Кинематика","school:10",""
"Элементарное перемещение точки","Приращение радиуса-вектора $\vec{dr}$, совершённое за малый промежуток времени $dt$.","Механика","Кинематика","university:1",""
"Траектория","Линия, описываемая движущейся точкой в пространстве.","Механика","Кинематика","school:9",""
"Годограф","Линия, которую описывает радиус вектор некоторой физической величины с течением времени.","Механика","Кинематика","university:1",""
"Плоское движение","Механическое движение, при котором все участки траектории лежат в одной плоскости.","Механика","Кинематика","school:10",""
"Длина пути","Сумма длин всех участков траектории, пройденных телом за рассматриваемый промежуток времени.","Механика","Кинематика","school:10",""
"Механическая система","Мысленно выделенная совокупность тел, которые в общем случае взаимодействуют как друг с другом, так и с внешними телами, не включёнными в состав системы.","Механика","Кинематика","school:10",""
"Свободная механическая система","Механическая система, в которой все входящие в неё материальные точки или тела могут занимать произвольные положения в пространстве и иметь произвольные скорости.","Механика","Кинематика","school:10",""
"Несвободная механическая система","Механическая система, в которой имеются материальные точки или тела, которые не могут занимать произвольные положения в пространстве или иметь произвольные скорости.","Механика","Кинематика","school:10",""
"Связь (механическая связь)","Ограничение, наложенное на положение или движение рассматриваемой механической системы в пространстве.","Механика","Кинематика","university:3,""

