"concept_name","source_ids"

"Равномерное движение","2"
"Явление","3"
"Физическое явление","3"
"Задача физики","3"
"Физическое тело","3"
"Материя","3"
"Вещество","3"
"Физическая теория","3"
"Измерение физической величины","3"


"Инерция","3"
"Инертность","3"
"Масса тела","3"
"Плотность однородного тела","3"
"Деформация","3"
"Сила","3"
"Равнодействующая сил","3"
"Третий закон Ньютона","2"
"Всемирное тяготение","3"
"Сила тяжести","3"
"Сила упругости","3"
"Упругая деформация","3"
"Сила трения скольжения","3"
"Сила трения покоя","3"
"Вес тела","3"
"Центр тяжести тела","3"


"Нормальное атмосферное давление","3"
"Закон Паскаля","3"
"Закон сообщающихся сосудов","3"
"Барометр","3"
"Манометр","3"
"Гидравлическая машина","3"
"Закон Архимеда","3"


"Работа","3"
"Коэффициент полезного действия","3"
"Мощность","3"
"Энергия","3"
"Связь энергии и работы","3"


"Статика","3"
"Устойчивое равновесие","3"
"Условие устойчивого равновесия","3"
"Неустойчивое равновесие","3"
"Условие неустойчивого равновесия","3"
"Безразличное равновесие","3"
"Условие безразличного равновесия","3"
"Простые механизмы","3"
"Рычаг","3"
"Плечо силы","3"
"Условие равновесия рычага","3"
"Условие равновесия рычага через момент силы","3"
"Блок","3"
"Неподвижный блок","3"
"Подвижный блок","3"
"Золотое правило механики","3"



"Молекула вещества","3"
"Броуновское движение","3"
"Диффузия","3"
"Взаимодействие молекул в веществе","3"
"Свойства твёрдого агрегатного состояния","3"
"Свойства жидкого агрегатного состояния","3"
"Свойства газообразного агрегатного состояния","3"



"Правило буравчика","1"