"name","formula_latex","variable_keys","section","subsection","level",image_path"
"Кинематические уравнения движения точки в скалярной форме","\\begin{cases}x = x(t) \\\\ y = y(t) \\\\ z = z(t) \\end{cases}","abscissa,ordinate,applicate,time","Механика","Кинематика","school:10",""
"Кинематические уравнения движения точки в векторной форме","\\vec{r} = \\vec{r}(t)","radius_vector,time","Механика","Кинематика","school:10",""
"Ускорение при равноускоренном движении","\\vec{a} = \\frac{\\vec{v_2} - \\vec{v_1}}{t}","acceleration,inicial_velocity,final_velocity,time","Механика","Кинематика","school:10",""
"Плотность вещества","\rho = \\frac{m}{V}","density,mass,volume","Механика","Кинематика","school:7",""
"Второй закон Ньютона","\\vec{F} = m\\cdot \\vec{a}","resulting_force,mass,acceleration","Механика","Динамика","school:9",""
"Импульс тела","\\vec{p} = m\\cdot \\vec{v}","impulse,mass,velocity","Механика","Динамика","school:9",""
"Кинетическая энергия","E_\\text{к} = \\frac{m\\cdot v^2}{2}","kinetic_energy,mass,absolute_velocity","Механика","Работа и энергия","school:9",""
"Потенциальная энергия в поле тяжести","E_\\text{п} = m\\cdot g\\cdot h","potencial_energy,mass,free_fall_acceleration,height","Механика","Работа и энергия","school:9",""
"Связь периода и частоты","T = \\frac{1}{\\nu}","period,frequency","Механика","Кинематика","school:9",""
"Cвязь длины электромагнитной волны с частотой","c = \\lambda\\cdot \\nu","speed_of_light,wavelength,frequency","Механика","Колебания и волны","school:9",""
"Уравнение Менделеева-Клапейрона","p\\cdot V = \\nu\\cdot R\\cdot T","pressure,volume,amount_of_substance,gas_constant,kelvin_temperature","Молекулярная физика и термодинамика","Термодинамика","school:10",""
"Первый закон термодинамики","\\Delta U = Q + A_{\\text{в}}","internal_energy_difference,quantity_of_heat,external_force_work","Молекулярная физика и термодинамика","Термодинамика","school:10",""
"Первый закон термодинамики"," Q = \\Delta U + A_{\\text{г}}","internal_energy_difference,quantity_of_heat,gas_work","Молекулярная физика и термодинамика","Термодинамика","school:10",""
"Количество теплоты при нагревании","Q = c\\cdot m\\cdot \\Delta t","quantity_of_heat,specific_heat_capacity,mass,temperature_difference","Молекулярная физика и термодинамика","Термодинамика","school:8",""
"Закон Ома для полной цепи","\\mathcal{E} = I\\cdot (R + r)","electromotive_force,amperage,resistance,internal_resistance","Электричество и магнетизм","Постоянный ток","school:10","images/ohm.jpg"
"Закон Ома для участка цепи","U = I\\cdot R","voltage,amperage,resistance","Электричество и магнетизм","Постоянный ток","school:10",""
"Электроёмкость плоского конденсатора","C = \\frac{\\varepsilon_0\\cdot \\varepsilon\\cdot S}{d}","electric_capacity,electric_constant,dielectric_constant,capacitor_area,capacitor_gap","Электричество и магнетизм","Электростатика","school:10",""
"Энергия заряженного конденсатора","W = \\frac{q^2}{2\\cdot C}","capacitor_energy,electric_charge,electric_capacity","Электричество и магнетизм","Электростатика","school:10",""
"Уравнения Максвелла (дивергенция E)","\\nabla \\cdot \\vec{E} = \\frac{\\rho}{\\varepsilon_0}","electric_field_divergence,density,electric_constant","Электродинамика","Электромагнетизм","university:2",""