"formula_name","source_ids"



"Закон Ома","1"



"Скорость тела при равномерном движении","3"
"Средняя скорость тела","3"
"Плотность однородного тела","3"
"Сила тяжести","3"
"Сила упругости","3"
"Вес покоющегося тела","3"

"Давление","3"
"Гидростатическое давление","3"
"Условие равновесия гидравлической машины","3"
"Сила Архимеда","3"

"Работа силы","3"
"Мощность силы","3"
"Условие равновесия рычага","3"
"Момент силы","3"
"Условие равновесия рычага через момент силы","3"



"Уравнение движения точки в координатной форме","4"
"Уравнение движения точки в векторной форме","4"
"Скорость равномерного прямолинейного движения точки","4"
"Уравнение равномерного прямолинейного движения в векторной форме","4"
"Уравнение равномерного прямолинейного движения в координатной форме","4"
"Закон сложения скоростей","4"
"Средняя скорость","4"
"Средняя путевая скорость","4"
"Ускорение равнопеременного движения точки","4"
"Скорость равнопеременного движения точки в координатной форме","4"
"Скорость равнопеременного движения точки в векторной форме","4"
"Уравнение равнопеременного движения точки в координатной форме","4"
"Уравнение равнопеременного движения точки в координатной форме (без времени)","4"
"Уравнение равнопеременного движения точки в координатной форме (без ускорения)","4"
"Уравнение равнопеременного движения точки в векторной форме","4"
"Скорость свободного падения точки в координатной форме","4"
"Скорость свободного падения точки в векторной форме","4"
"Уравнение свободного падения точки в координатной форме","4"
"Уравнение свободного падения точки в векторной форме","4"
"Максимальная высота подъёма при свободном падении","4"
"Максимальная дальность полёта при свободном падении","4"
"Полное время полёта при свободном падении","4"
"Время подъёма при свободном падении","4"
"Время спуска при свободном падении","4"
"Модуль центростремительного ускорения","4"
"Угловая скорость при равномерном вращении","4"
"Связь периода и частоты","4"
"Связь угловой скорости и периода при равномерном вращении","4"
"Связь линейной скорости и угловой при равномерном вращении","4"

"Равнодействующая сил","4"
"Второй закон Ньютона","4"
"Третий закон Ньютона","4"
"Закон всемирного тяготения","4"
"Первая космическая скорость","4"
"Сила упругости","4"
"Проекции силы упругости","4"
"Модуль силы трения скольжения","4"

"Импульс материальной точки","4"
"Импульс силы материальной точки","4"
"Второй закон Ньютона в импульсной форме","4"
"Импульс системы материальных точек","4"
"Изменение импульса системы","4"
"Закон сохранения импульса","4"

"Закон сохранения электрического заряда","4"
