"key","symbol_latex","description_ru","unit"
"spostamento","S","путь","м"
"displacement","\\vec{s}","перемещение","м"
"radius_vector","\\vec{r}","радиус-вектор","м"
"radius_vector_difference","\\vec{\\Delta r}","изменение радиус-вектора","м"
"inicial_radius_vector","\\vec{r_1}","начальный радиус-вектор","м"
"final_radius_vector","\\vec{r_2}","конечный радиус-вектор","м"
"abscissa","x","абсцисса","м"
"ordinate","y","ордината","м"
"applicate","z","аппликата","м"
"height","h","высота","м"
"volume","V","объём","м³"
"time","t","время","с"
"time_difference","\\Delta t","промежуток времени","с"
"velocity","\\vec{v}","скорость","м/с"
"velocity_difference","\\vec{\\Delta v}","изменение скорости","м/с"
"inicial_velocity","\\vec{v_1}","начальная скорость","м/с"
"final_velocity","\\vec{v_2}","конечная скорость","м/с"
"velocity_abscissa","v_x","проекция скорости на ось $OX$","м/с"
"velocity_ordinate","v_y","проекция скорости на ось $OY$","м/с"
"velocity_applicate","v_z","проекция скорости на ось $OZ$","м/с"
"mean_velocity","\\vec{\\langle v \\rangle}","средняя скорость материальной точки","м/с"
"absolute_velocity","v","модуль скорости","м/с"
"spostamento_velocity","v","путевая скорость","м/с"
"spostamento_velocity_difference","\\Delta v","изменение путевой скорости","м/с"
"inicial_spostamento_velocity","\\v_1","начальная путевая скорость","м/с"
"final_spostamento_velocity","\\v_2","конечная путевая скорость","м/с"
"mean_spostamento_velocity","\\langle v \\rangle","средняя путевая скорость материальной точки","м/с"
"speed_of_light","c","скорость света в вакууме","м/с"
"acceleration","\\vec{a}","ускорение материальной точки","м/с²"
"mean_acceleration","\\vec{\\langle a \\rangle}","среднее ускорение","м/с²"
"free_fall_acceleration","g","ускорение свободного падения","м/с²"

"resulting_force","\\vec{F}","равнодействующая всех сил","Н"
"pressure","p","давление","Па"
"mass","m","масса","кг"
"density","\rho","плотность вещества","кг/м³"
"impulse","\\vec{p}","импульс тела","кг·м/с"

"period","T","период колебаний","с"
"frequency","\\nu","частота колебаний","Гц"
"wavelength","\\lambda","длина волны","м"

"kinetic_energy","E_\\text{к}","кинетическая энергия","Дж"
"potencial_energy","E_\\text{п}","потенциальная энергия","Дж"


"boltzmann_constant","k","постоянная Больцмана","Дж/К"
"kelvin_temperature","T","абсолютная температура","К"
"amount_of_substance","\\nu","количество вещества","моль"
"gas_constant","R","универсальная газовая постоянная","Дж/(моль·К)"
"quantity_of_heat","Q","количество теплоты","Дж"
"specific_heat_capacity","c","удельная теплоёмкость","Дж/(кг·К)"
"temperature_difference","\\Delta T","изменение температуры","К"
"gas_work","A_{\\text{г}}","работа газа","Дж"
"external_force_work","A_{\\text{в}}","работа внешних сил","Дж"


"electromotive_force","\\mathcal{E}","электродвижущая сила (ЭДС)","В"
"amperage","I","сила тока","А"
"voltage","U","напряжение","В"
"resistance","R","сопротивление","Ом"
"internal_resistance","r","внутреннее сопротивление источника","Ом"
"electric_difference","q","электрический заряд","Кл"
"electric_capacity","C","электроёмкость","Ф"
"electric_constant","\\varepsilon_0","электрическая постоянная","Ф/м"
"dielectric_constant","\\varepsilon","диэлектрическая проницаемость","безразмерная"
"capacitor_area","S","площадь обкладок конденсатора","м²"
"capacitor_gap","d","расстояние между обкладками","м"
"internal_energy_difference","\\Delta U","внутренняя энергия","Дж"
"capacitor_energy","W_C","энергия конденсатора","Дж"
"electric_field_divergence","\nabla \cdot \vec{E}","дивергенция напряжённости электрического поля","В/м"

"planck_constant","h","постоянная Планка","Дж·с"